Time (%),Total Time (ns),Num Calls,Avg (ns),Med (ns),Min (ns),Max (ns),StdDev (ns),Name
35.2,336428881,11118,30259.8,1953.0,700,1084440,49836.7,cudaFree
25.5,244010345,11118,21947.3,2139.0,1211,68232178,647685.7,cudaMalloc
19.7,188952340,1209,156288.1,25797.0,7211,2149475,250816.4,cudaMemcpy
11.1,106113216,14400,7369.0,4281.0,2821,424353,11577.6,cudaLaunchKernel
8.1,77650642,7209,10771.3,7276.0,2811,680531,16598.5,cudaMemset
0.3,2813029,14400,195.3,93.0,75,175263,2280.0,cuKernelGetName
0.1,543222,1,543222.0,543222.0,543222,543222,0.0,cuLibraryLoadData
0.0,475651,1,475651.0,475651.0,475651,475651,0.0,cuLibraryUnload
0.0,24790,2,12395.0,12395.0,9653,15137,3877.8,cudaDeviceSynchronize
0.0,9665,21,460.2,309.0,225,1738,362.9,cuLibraryGetKernel
0.0,8130,1,8130.0,8130.0,8130,8130,0.0,cuModuleGetLoadingMode
0.0,3969,1,3969.0,3969.0,3969,3969,0.0,cuCtxSynchronize
0.0,389,1,389.0,389.0,389,389,0.0,cuDeviceGetLuid
