Time (%),Total Time (ns),Instances,Avg (ns),Med (ns),Min (ns),Max (ns),StdDev (ns),Name
36.0,31194543,600,51990.9,52560.5,27040,83489,24189.8,"void conv2d_dW_kernel<float>(const T1 *, const T1 *, T1 *, int, int, int, int, int, int, int, int, int, int)"
14.1,12191939,600,20319.9,20304.5,11072,32192,8822.9,"void conv2d_dIn_kernel<float>(const T1 *, const T1 *, T1 *, int, int, int, int, int, int, int, int, int)"
10.4,9019825,600,15033.0,17312.0,10816,24384,3642.2,"void conv2d_forward_kernel<float>(const T1 *, const T1 *, T1 *, int, int, int, int, int, int, int, int, int)"
8.2,7104360,600,11840.6,12400.0,1536,24257,10263.4,"void matmul_backward_A_kernel<float>(const T1 *, const T1 *, T1 *, int, int, int)"
4.0,3471100,600,5785.2,7968.0,3040,13601,2656.8,"void matmul_kernel<float, (int)16>(const T1 *, const T1 *, T1 *, int, int, int)"
3.3,2850225,600,4750.4,5952.0,3136,8448,1457.2,"void matmul_backward_B_kernel<float>(const T1 *, const T1 *, T1 *, int, int, int)"
2.7,2305040,1500,1536.7,1024.0,832,4320,856.2,"void accumulate_kernel<float>(T1 *, const T1 *, unsigned long long)"
2.6,2260686,600,3767.8,3808.0,3488,4352,219.3,"void conv_bias_grad_kernel<float>(const T1 *, T1 *, int, int, int, int)"
2.5,2139466,2400,891.4,864.0,800,1152,65.6,"void sgd_update_kernel<float>(T1 *, const T1 *, T1, unsigned long long)"
2.4,2100337,900,2333.7,2048.0,960,4224,1178.6,"void relu_backward_kernel<float>(const T1 *, const T1 *, T1 *, unsigned long long)"
2.2,1916813,300,6389.4,6272.0,5632,9120,499.2,"void softmax_ce_forward_kernel<float>(const T1 *, const int *, T1 *, T1 *, int, int)"
2.2,1904078,600,3173.5,3856.0,1984,12832,1199.7,"void conv_bias_forward_kernel<float>(const T1 *, const T1 *, T1 *, int, int, int)"
2.0,1728711,900,1920.8,1600.0,832,13088,1153.1,"void relu_kernel<float>(const T1 *, T1 *, unsigned long long)"
1.7,1504715,600,2507.9,2912.0,1760,8096,702.0,"void maxpool_kernel<float>(const T1 *, T1 *, int *, int, int, int, int, int, int, int)"
1.7,1483049,600,2471.7,2528.0,2240,2912,189.9,"void bias_grad_kernel<float>(const T1 *, T1 *, int, int)"
1.5,1266665,600,2111.1,2144.0,1376,3104,665.5,"void maxpool_backward_kernel<float>(const T1 *, T1 *, const int *, int, int, int, int)"
0.7,597508,300,1991.7,1952.0,1888,2208,86.6,"void mean_reduce_kernel<float>(const T1 *, T1 *, int)"
0.7,585507,600,975.8,960.0,864,3552,175.3,"void bias_add_kernel<float>(const T1 *, const T1 *, T1 *, int, int)"
0.6,507331,300,1691.1,1664.0,1632,1952,70.2,"void accumulate_loss_correct<float>(T1 *, const T1 *, const T1 *, int *, int, int)"
0.4,333408,300,1111.4,1088.0,1024,3936,172.3,"void softmax_ce_backward_kernel<float>(const T1 *, const T1 *, const int *, T1 *, int, int)"
0.3,231748,300,772.5,768.0,704,2112,85.6,"void fill_kernel<float>(T1 *, T1, unsigned long long)"
